﻿<?xml version="1.0" encoding="utf-8"?>
<key id="bcbf0ddb-caaf-43e6-bd18-a5b19c3135ed" version="1">
  <creationDate>2025-08-31T04:53:48.24675Z</creationDate>
  <activationDate>2025-08-31T04:53:48.2298079Z</activationDate>
  <expirationDate>2025-11-29T04:53:48.2298079Z</expirationDate>
  <descriptor deserializerType="Microsoft.AspNetCore.DataProtection.AuthenticatedEncryption.ConfigurationModel.AuthenticatedEncryptorDescriptorDeserializer, Microsoft.AspNetCore.DataProtection, Version=8.0.0.0, Culture=neutral, PublicKeyToken=adb9793829ddae60">
    <descriptor>
      <encryption algorithm="AES_256_CBC" />
      <validation algorithm="HMACSHA256" />
      <masterKey p4:requiresEncryption="true" xmlns:p4="http://schemas.asp.net/2015/03/dataProtection">
        <!-- Warning: the key below is in an unencrypted form. -->
        <value>z9R4ly+NG5rsFOqZ4jTnGbfeJIJB9YRq7AkdK1sslvMHHJMLahOshd7fqKDe7a2ujU20jFstOEVJ2LInqMz1nw==</value>
      </masterKey>
    </descriptor>
  </descriptor>
</key>